mapa,algoritmo,tasa_supervivencia_media,tasa_supervivencia_desv_est,corridas_sin_sobrevivientes,turnos_media,turnos_desv_est,turnos_min,turnos_max
mapa1_cuello.txt,bfs,0.779375,0.31082528640434276,7,38.119170984455955,2.8286656411024818,30,41
mapa1_cuello.txt,ucs,0.5715625,0.2745769287334855,7,40.54922279792746,5.312025656970312,30,62
mapa1_cuello.txt,greedy,0.1240625,0.2716358222758319,147,49.264150943396224,4.515575367531237,39,58
mapa1_cuello.txt,astar,0.5715625,0.2745769287334855,7,40.54922279792746,5.312025656970312,30,62
mapa1_cuello.txt,genetico,0.526875,0.26946155947588496,9,41.261780104712045,5.914705578277532,30,65
mapa2_laberinto.txt,bfs,1.0,0.0,0,50.01,0.7829207010423234,49,51
mapa2_laberinto.txt,ucs,1.0,0.0,0,50.01,0.7829207010423234,49,51
mapa2_laberinto.txt,greedy,1.0,0.0,0,92.59,25.98611728322041,53,110
mapa2_laberinto.txt,astar,1.0,0.0,0,50.01,0.7829207010423234,49,51
mapa2_laberinto.txt,genetico,1.0,0.0,0,50.77,1.8092725987764855,49,55
mapa3_abierto.txt,bfs,0.6833333333333333,0.10785284071514158,0,24.115,0.8807117952722436,23,27
mapa3_abierto.txt,ucs,0.6888888888888889,0.10799654876118296,0,24.095,0.8600426540783723,23,25
mapa3_abierto.txt,greedy,0.6777777777777778,0.1050850544288254,0,24.095,0.8600426540783723,23,25
mapa3_abierto.txt,astar,0.6888888888888889,0.10799654876118296,0,24.095,0.8600426540783723,23,25
mapa3_abierto.txt,genetico,0.7111111111111111,0.09774427119922431,0,24.325,1.116065865025616,21,29
